{"loss": 0.5051210522651672, "train accuracy": 0.8209625135067742, "valiation accuracy": 0.7544154751892347, "_timestamp": 1714753460.5890322, "_runtime": 5833.073758125305, "_step": 12, "_wandb": {"runtime": 5926}}