{"loss": 0.3349972367286682, "train accuracy": 0.9065746820713158, "valiation accuracy": 0.8263246425567704, "_timestamp": 1714819904.0414197, "_runtime": 12855.104756832123, "_step": 27}