{"loss": 0.15898680686950684, "train accuracy": 0.9852880059845399, "valiation accuracy": 0.7333894028595458, "_timestamp": 1714736014.5810704, "_runtime": 450.62462735176086, "_step": 13, "_wandb": {"runtime": 459}}