{"loss": 0.058321718126535416, "train accuracy": 0.9912725459230322, "valiation accuracy": 0.7279226240538268, "_timestamp": 1714921307.6036758, "_runtime": 3002.442939758301, "_step": 31, "_wandb": {"runtime": 3002}}