{"loss": 0.2490963637828827, "train accuracy": 0.9295154185022027, "valiation accuracy": 0.8490328006728343, "_timestamp": 1714817178.26721, "_runtime": 4340.065593004227, "_step": 31, "_wandb": {"runtime": 4339}}