{"loss": 0.11098874360322952, "train accuracy": 0.9906907156512343, "valiation accuracy": 0.8183347350714887, "_timestamp": 1714733177.4679794, "_runtime": 5918.979992389679, "_step": 23, "_wandb": {"runtime": 5918}}