{"loss": 0.12468334287405014, "train accuracy": 0.9833762779486327, "valiation accuracy": 0.7977291841883936, "_timestamp": 1714726840.3041813, "_runtime": 1192.2352163791656, "_step": 13, "_wandb": {"runtime": 1195}}