{"loss": 0.6935035586357117, "train accuracy": 0.7705095170808745, "valiation accuracy": 0.7207737594617325, "_timestamp": 1715062513.0041847, "_runtime": 1444.7793028354645, "_step": 1}