{"loss": 0.4235228896141052, "train accuracy": 0.7753470761464031, "valiation accuracy": 0.6652649285113541, "_timestamp": 1714719741.2403235, "_runtime": 1205.7411396503448, "_step": 17, "_wandb": {"runtime": 1258}}