{"loss": 0.3262074291706085, "train accuracy": 0.983210040728119, "valiation accuracy": 0.787636669470143, "_timestamp": 1714728009.9143531, "_runtime": 1114.466845035553, "_step": 12}