{"loss": 0.2502641975879669, "train accuracy": 0.9342531792868424, "valiation accuracy": 0.843986543313709, "_timestamp": 1714797834.5613914, "_runtime": 42266.979340314865, "_step": 23}