{"loss": 0.29783838987350464, "train accuracy": 0.9236432477913337, "valiation accuracy": 0.780067283431455, "_timestamp": 1714724664.0001676, "_runtime": 1351.9556946754456, "_step": 19, "_wandb": {"runtime": 1351}}