{"loss": 0.07808726280927658, "train accuracy": 0.9959687474025434, "valiation accuracy": 0.8317914213624895, "_timestamp": 1714735011.3328428, "_runtime": 2728.4072048664093, "_step": 23, "_wandb": {"runtime": 2727}}