{"loss": 0.004924914333969355, "train accuracy": 0.9977557975230654, "valiation accuracy": 0.8696383515559294, "_timestamp": 1715074153.599176, "_runtime": 8731.826488018036, "_step": 47, "_wandb": {"runtime": 8731}}