{"loss": 0.07093199342489243, "train accuracy": 0.9943063751974067, "valiation accuracy": 0.8507148864592095, "_timestamp": 1715089291.845583, "_runtime": 3473.0844399929047, "_step": 23, "_wandb": {"runtime": 3472}}