{"loss": 1.1271120309829712, "train accuracy": 0.5703599035824121, "valiation accuracy": 0.5580319596299411, "_timestamp": 1714754122.422343, "_runtime": 521.5312581062317, "_step": 0, "_wandb": {"runtime": 573}}