{"loss": 0.5129536390304565, "train accuracy": 0.8685894771839415, "valiation accuracy": 0.7867956265769555, "_timestamp": 1714824827.1347263, "_runtime": 9249.504845380783, "_step": 7}