{"loss": 0.27750539779663086, "train accuracy": 0.9261906740919292, "valiation accuracy": 0.8250630782169891, "_timestamp": 1714852236.1762376, "_runtime": 41891.818521499634, "_step": 25}