{"loss": 0.1414220780134201, "train accuracy": 0.9794697032665614, "valiation accuracy": 0.7931034482758621, "_timestamp": 1714739441.8000329, "_runtime": 3225.142642736435, "_step": 23, "_wandb": {"runtime": 3224}}