{"loss": 0.2859019637107849, "train accuracy": 0.9968830521153687, "valiation accuracy": 0.8809924306139613, "_timestamp": 1715089407.22956, "_runtime": 3704.1389849185944, "_step": 23, "_wandb": {"runtime": 3703}}