{"loss": 0.07509924471378326, "train accuracy": 0.993932341451251, "valiation accuracy": 0.8427249789739276, "_timestamp": 1715077262.9188511, "_runtime": 13713.915822029114, "_step": 20}