{"loss": 0.054079070687294006, "train accuracy": 0.9964674590640844, "valiation accuracy": 0.8061396131202692, "_timestamp": 1714730450.7177432, "_runtime": 3914.6478111743927, "_step": 23, "_wandb": {"runtime": 3914}}